id,created_at,job,job_id,products,company,transaction_price,coupon_code
175871,2018-10-25 20:14:31 UTC,Accounts Payable Specialist,6270586,"Year Long Job Board Posting , Priority Listing, Resume Search Access for Duration of Package",Company 1,$483.75 ,PAYITFORWARD
122829,2018-01-19 21:54:23 UTC,Accreditation Officer (Quality Assurance),3295350,"Single Job Posting Package, Resume Search Access for Duration of Package",Company 1,$150.00 ,PAYITFORWARD
133436,2018-03-14 22:24:01 UTC,Building Engineer ,4602936,"Single Job Posting Package, Urgent Marking, Resume Search Access for Duration of Package",Company 2,$220.00 ,
141475,2018-04-13 19:03:57 UTC,Administrative Assistant,4735282,"Single Job Posting Package, Resume Search Access for Duration of Package",Company 3,$150.00 ,PAYITFORWARD
150117,2018-05-28 22:07:23 UTC,,,1 Month Recruiter's Package,Company 4,$80.00 ,TRYITOUT
128574,2018-02-20 19:02:39 UTC,Diesel Mechanic,4452028,"Single Job Posting Package, Priority Listing, Resume Search Access for Duration of Package",Company 5,$245.00 ,
169767,2018-09-21 19:12:48 UTC,TSCM Technical Security Specialist,5878078,"Single Job Posting Package, Resume Search Access for Duration of Package",Company 6,$200.00 ,
138804,2018-04-02 19:10:07 UTC,TSCM Technical Security Specialist,4691011,"Single Job Posting Package, Resume Search Access for Duration of Package",Company 6,$200.00 ,
148764,2018-05-21 16:43:16 UTC,"Repair Station Lead Tech (Crew Chief) Inspector, A&P, Fuel Systems, FAA 145",4922599,"Single Job Posting Package, Priority Listing, Urgent Marking, Resume Search Access for Duration of Package",Company 7,$265.00 ,
160283,2018-07-27 15:19:53 UTC,,,Target Email Campaign: Less than 500 Job Seekers,Company 8,$10.00 ,
129315,2018-02-23 17:20:56 UTC,Benefits Advisor,4460391,"Year Long Job Board Posting , Resume Search Access for Duration of Package",Company 9,$600.00 ,
136250,2018-03-21 19:48:24 UTC,,,"5 Job Board Postings Package, Resume Search Access for Duration of Package",Company 10,$825.00 ,
152058,2018-06-07 16:21:09 UTC,,,1 Month Recruiter's Package,Company 11,$100.00 ,
151566,2018-06-05 16:43:34 UTC,Security at Construction Site,5069182,"Single Job Posting Package, Resume Search Access for Duration of Package",Company 12,$160.00 ,TRYITOUT
168841,2018-09-17 20:38:43 UTC,Secret Clearance- Security Officer (Sign On Bonus) ,5828037,"Single Job Posting Package, Priority Listing, Urgent Marking, Resume Search Access for Duration of Package",Company 13,$265.00 ,
184429,2018-12-14 17:39:55 UTC,,,Target Email Campaign: Less than 500 Job Seekers,Company 14,$10.00 ,
179370,2018-11-15 16:58:06 UTC,"Amazon Warehouse Fulfillment Associate (Bethpage, DNY4)",6530933,"Single Job Posting Package, Resume Search Access for Duration of Package",Company 14,$200.00 ,
177981,2018-11-07 21:19:02 UTC,"Part-Time Sortation Associate (Robbinsville, PNE5)",6423584,"Single Job Posting Package, Resume Search Access for Duration of Package",Company 14,$200.00 ,
175415,2018-10-23 21:27:09 UTC,Seasonal Delivery Driver,6233920,"Single Job Posting Package, Resume Search Access for Duration of Package",Company 14,$200.00 ,
175412,2018-10-23 21:22:40 UTC,"Seasonal Delivery Driver, Full Time",6232894,"Single Job Posting Package, Resume Search Access for Duration of Package",Company 14,$200.00 ,
173561,2018-10-12 17:54:45 UTC,Amazon Warehouse Fulfillment Associate,6102441,"Single Job Posting Package, Resume Search Access for Duration of Package",Company 14,$200.00 ,
173346,2018-10-11 20:11:54 UTC,"Warehouse Team Member (Seasonal, Part-Time, Flexible Hours)",6087802,"Single Job Posting Package, Resume Search Access for Duration of Package",Company 14,$200.00 ,
172346,2018-10-05 23:57:51 UTC,"Warehouse Team Member (Seasonal, Part-Time, Flexible Hours)",6020450,"Single Job Posting Package, Priority Listing, Resume Search Access for Duration of Package",Company 14,$245.00 ,
172062,2018-10-04 20:11:12 UTC,"Warehouse Team Member (Seasonal, Part-Time, Flexible Hours)",6005572,"Single Job Posting Package, Resume Search Access for Duration of Package",Company 14,$200.00 ,
171863,2018-10-03 23:01:33 UTC,Seasonal Warehouse Associate (National City),5993691,"Single Job Posting Package, Resume Search Access for Duration of Package",Company 14,$200.00 ,
171862,2018-10-03 22:55:54 UTC,Seasonal Warehouse Associate (Carlsbad),5993687,"Single Job Posting Package, Resume Search Access for Duration of Package",Company 14,$200.00 ,
171861,2018-10-03 22:52:40 UTC,Seasonal Warehouse Associate (San Diego),5993685,"Single Job Posting Package, Resume Search Access for Duration of Package",Company 14,$200.00 ,
170264,2018-09-25 17:02:18 UTC,Warehouse Associate,5905454,"Single Job Posting Package, Resume Search Access for Duration of Package",Company 14,$200.00 ,
170263,2018-09-25 16:59:30 UTC,Warehouse Associate,5905449,"Single Job Posting Package, Resume Search Access for Duration of Package",Company 14,$200.00 ,
170261,2018-09-25 16:55:51 UTC,Warehouse Associate,5905443,"Single Job Posting Package, Resume Search Access for Duration of Package",Company 14,$200.00 ,
169825,2018-09-22 13:57:49 UTC,Amazon Warehouse Fulfillment Associate,5884940,"Single Job Posting Package, Resume Search Access for Duration of Package",Company 14,$200.00 ,
169797,2018-09-21 21:39:38 UTC,Amazon Warehouse Fulfillment Associate,5878292,"Single Job Posting Package, Priority Listing, Resume Search Access for Duration of Package",Company 14,$245.00 ,
169317,2018-09-19 22:03:46 UTC,Amazon Warehouse Fulfillment Associate,5841105,"Single Job Posting Package, Resume Search Access for Duration of Package",Company 14,$200.00 ,
168024,2018-09-12 15:29:26 UTC,Amazon Warehouse Fulfillment Associate,5779466,"Single Job Posting Package, Resume Search Access for Duration of Package",Company 14,$200.00 ,
167417,2018-09-08 18:18:22 UTC,Amazon Full-time Warehouse Associate,5742751,"Single Job Posting Package, Resume Search Access for Duration of Package",Company 14,$200.00 ,
160871,2018-07-31 22:52:10 UTC,Amazon Warehouse Fulfillment Associate,5450167,"Single Job Posting Package, Resume Search Access for Duration of Package",Company 14,$200.00 ,
152276,2018-06-08 16:54:30 UTC,,,Target Email Campaign: Less than 500 Job Seekers,Company 14,$10.00 ,
152275,2018-06-08 16:53:01 UTC,,,Target Email Campaign: Less than 500 Job Seekers,Company 14,$10.00 ,
152274,2018-06-08 16:51:19 UTC,,,Target Email Campaign: Less than 500 Job Seekers,Company 14,$10.00 ,
152273,2018-06-08 16:50:34 UTC,,,Target Email Campaign: Less than 500 Job Seekers,Company 14,$10.00 ,
152272,2018-06-08 16:49:52 UTC,,,Target Email Campaign: Less than 500 Job Seekers,Company 14,$10.00 ,
149705,2018-05-24 20:30:32 UTC,,,Target Email Campaign: 500-999 Job Seekers,Company 14,$20.00 ,
146616,2018-05-11 16:27:11 UTC,,,Target Email Campaign: 500-999 Job Seekers,Company 14,$20.00 ,
121048,2018-01-11 18:06:49 UTC,Seasonal Amazon Warehouse Associate (DBO2),3329268,"Single Job Posting Package, Resume Search Access for Duration of Package",Company 14,$200.00 ,
120292,2018-01-08 22:46:09 UTC,Seasonal Amazon Warehouse Associate (DBO1),3317766,"Single Job Posting Package, Resume Search Access for Duration of Package",Company 14,$200.00 ,
146617,2018-05-11 16:28:10 UTC,Amazon Part-Time Seasonal Sortation Associate - Delivery Station,4844643,"Single Job Posting Package, Resume Search Access for Duration of Package",Company 14,$200.00 ,
164093,2018-08-20 15:51:11 UTC,,,1 Month Recruiter's Package,Company 15,$80.00 ,TRYITOUT
189991,2019-01-16 05:25:01 UTC,"Low Voltage Systems Technician (Video, Alarm, Access Control, Data)",7426453,"Year Long Job Board Posting , Resume Search Access for Duration of Package",Company 16,$450.00 ,PAYITFORWARD
129252,2018-02-23 15:08:49 UTC,"Associate, Distribution Center",4460274,"Single Job Posting Package, Resume Search Access for Duration of Package",Company 17,$200.00 ,
137586,2018-03-27 16:36:26 UTC,Veterans Service Officer,4663746,"Single Job Posting Package, Resume Search Access for Duration of Package",Company 18,$200.00 ,
157693,2018-07-12 23:29:35 UTC,Yard Supervisor - Night Shift,5329733,"Single Job Posting Package, Resume Search Access for Duration of Package",Company 19,$200.00 ,
162169,2018-08-08 18:30:52 UTC,Sales Agent (Remote) ,5504096,"Single Job Posting Package, Resume Search Access for Duration of Package",Company 20,$200.00 ,
123646,2018-01-24 20:03:27 UTC,Estimator,3379378,"Single Job Posting Package, Urgent Marking, Resume Search Access for Duration of Package",Company 21,$220.00 ,
191685,2019-01-24 18:36:57 UTC,Personal Driver,7548546,"Single Job Posting Package, Resume Search Access for Duration of Package",Company 22,$200.00 ,
126389,2018-02-07 17:45:39 UTC,Vac Truck Operator,3426507,"Single Job Posting Package, Resume Search Access for Duration of Package",Company 23,$160.00 ,TRYITOUT
157944,2018-07-14 21:06:23 UTC,Industrial Maintenance Engineer ,5341840,"Single Job Posting Package, Resume Search Access for Duration of Package",Company 24,$200.00 ,
151512,2018-06-05 13:06:17 UTC,Solar Installation,5069057,"Single Job Posting Package, Urgent Marking, Resume Search Access for Duration of Package",Company 25,$220.00 ,
150603,2018-05-30 18:44:22 UTC,Long Distance Delivery Driver,5033097,"Single Job Posting Package, Priority Listing, Urgent Marking, Resume Search Access for Duration of Package",Company 26,$265.00 ,
174295,2018-10-17 18:49:59 UTC,Heavy Equipment & Crane Operator Instructor,6167350,"Single Job Posting Package, Priority Listing, Urgent Marking, Resume Search Access for Duration of Package",Company 27,$265.00 ,
152588,2018-06-11 21:57:58 UTC,Industrial Insulator / Scaffold Builder,5132706,"Single Job Posting Package, Urgent Marking, Resume Search Access for Duration of Package",Company 28,$220.00 ,
137389,2018-03-26 19:57:39 UTC,,,"5 Job Board Postings Package, Resume Search Access for Duration of Package",Company 29,$825.00 ,
131394,2018-03-06 17:13:14 UTC,,,"Single Job Posting Package, Resume Search Access for Duration of Package",Company 30,$200.00 ,
169310,2018-09-19 21:26:41 UTC,Administrative Assistant / Office Manager,5828147,"Year Long Job Board Posting , Resume Search Access for Duration of Package",Company 31,$600.00 ,
145028,2018-05-03 19:24:32 UTC,,,1 Month Recruiter's Package,Company 32,$80.00 ,TRYITOUT
160537,2018-07-30 15:27:40 UTC,Heavy Equipment Operators,5443070,"Single Job Posting Package, Resume Search Access for Duration of Package",Company 33,$200.00 ,
160534,2018-07-30 15:25:30 UTC,Construction Labor,5443067,"Single Job Posting Package, Resume Search Access for Duration of Package",Company 33,$200.00 ,
179659,2018-11-17 18:38:24 UTC,Dental Lab Technician/ Assistant,6558102,"Single Job Posting Package, Urgent Marking, Resume Search Access for Duration of Package",Company 34,$220.00 ,
139351,2018-04-04 18:54:18 UTC,Electrical Maintenance,4697443,"Single Job Posting Package, Resume Search Access for Duration of Package",Company 35,$200.00 ,
166606,2018-09-04 20:54:02 UTC,Chrome Plating Technician,5713864,"Single Job Posting Package, Resume Search Access for Duration of Package",Company 36,$200.00 ,
164381,2018-08-21 18:50:18 UTC,Restoration Supervisor,5594499,"Single Job Posting Package, Urgent Marking, Resume Search Access for Duration of Package",Company 37,$220.00 ,
191991,2019-01-25 20:44:17 UTC,Assistant Driver Manager,7561596,"Single Job Posting Package, Resume Search Access for Duration of Package",Company 38,$200.00 ,
174012,2018-10-16 16:44:00 UTC,CHRYSLER JEEP DODGE NEW AND USED VEHICLE SALES PROFESSIONALS,6143560,"Single Job Posting Package, Resume Search Access for Duration of Package",Company 39,$200.00 ,
155127,2018-06-26 21:46:37 UTC,LNG Systems Engineer,5223368,"Single Job Posting Package, Priority Listing, Resume Search Access for Duration of Package",Company 40,$245.00 ,
145384,2018-05-07 09:49:16 UTC,"Installers Avg. $20,000-$30,000 Per Month",4828658,"Single Job Posting Package, Priority Listing, Urgent Marking, Resume Search Access for Duration of Package",Company 41,$265.00 ,
146936,2018-05-14 18:05:09 UTC,"Supervisor, Logistics & Inventory ",4853010,"Single Job Posting Package, Resume Search Access for Duration of Package",Company 42,$200.00 ,
157652,2018-07-12 19:01:36 UTC,Plumbing Journeyman / Apprentice,5329595,"Single Job Posting Package, Urgent Marking, Resume Search Access for Duration of Package",Company 43,$220.00 ,
172299,2018-10-05 18:10:49 UTC,Bilingual Manufacturing Shift Supervisor,6013698,"Single Job Posting Package, Resume Search Access for Duration of Package",Company 44,$200.00 ,
174474,2018-10-18 13:11:41 UTC,Die Cutter / Porter ,6178803,"Single Job Posting Package, Resume Search Access for Duration of Package",Company 45,$200.00 ,
134150,2018-03-16 19:04:24 UTC,,,"10 Job Board Postings Package, Resume Search Access for Duration of Package",Company 46,"$1,120.00 ",TRYITOUT
128820,2018-02-21 18:11:34 UTC,Diesel Mechanic,4454990,"Year Long Job Board Posting , Priority Listing, Urgent Marking, Resume Search Access for Duration of Package",Company 47,$532.00 ,TRYITOUT
127898,2018-02-16 01:49:47 UTC,Dental Lab Technician,3461334,"Single Job Posting Package, Resume Search Access for Duration of Package",Company 48,$200.00 ,
161307,2018-08-02 20:34:11 UTC,Mechanical Assembler - Overhaul & Repair - Grade 10,5467926,"Single Job Posting Package, Resume Search Access for Duration of Package",Company 49,$160.00 ,TRYITOUT
177661,2018-11-06 15:51:35 UTC,Commercial Collector,6408372,"Single Job Posting Package, Resume Search Access for Duration of Package",Company 50,$200.00 ,
140131,2018-04-09 21:24:03 UTC,,,"6 Month Unlimited Job Board Posting Package, Resume Search Access for Duration of Package",Company 51,"$5,500.00 ",
160769,2018-07-31 13:29:51 UTC,Calibration Technician,5449190,"Single Job Posting Package, Resume Search Access for Duration of Package",Company 52,$200.00 ,
159949,2018-07-25 20:17:03 UTC,Insulation Installer,5404809,"Single Job Posting Package, Priority Listing, Resume Search Access for Duration of Package",Company 53,$245.00 ,
145390,2018-05-07 10:06:02 UTC,"Virtual Sales Recruiters Immediately Avg. $1,800-$3,000 Per Week",4828667,"Single Job Posting Package, Priority Listing, Urgent Marking, Resume Search Access for Duration of Package",Company 54,$265.00 ,
158213,2018-07-16 21:11:20 UTC,BAS Installation Foreman / Helper / Electrician,5350220,"Year Long Job Board Posting , Resume Search Access for Duration of Package",Company 55,$480.00 ,TRYITOUT
160327,2018-07-27 19:23:50 UTC,,,"5 Job Board Postings Package, Resume Search Access for Duration of Package",Company 56,$825.00 ,
187298,2019-01-02 21:03:15 UTC,,,"5 Job Board Postings Package, Resume Search Access for Duration of Package",Company 57,$825.00 ,
125686,2018-02-05 01:58:18 UTC,Chief Operations Officer and Chief Financial Officer,3416792,"Single Job Posting Package, Resume Search Access for Duration of Package",Company 58,$200.00 ,
134782,2018-03-18 23:14:06 UTC,Estate Groundskeeper,4621258,"Single Job Posting Package, Urgent Marking, Resume Search Access for Duration of Package",Company 59,$220.00 ,
189014,2019-01-10 15:29:54 UTC,Water Treatment Operations Supervisor,7357713,"Single Job Posting Package, Resume Search Access for Duration of Package",Company 60,$150.00 ,4Alumni
189011,2019-01-10 15:26:08 UTC,ROW/Heavy Construction Crew Foreman,7357710,"Single Job Posting Package, Resume Search Access for Duration of Package",Company 60,$200.00 ,
189001,2019-01-10 15:10:48 UTC,Wastewater Process Operator,7357691,"Single Job Posting Package, Resume Search Access for Duration of Package",Company 60,$200.00 ,
188569,2019-01-08 19:06:48 UTC,IT Network Specialist,7323470,"Single Job Posting Package, Resume Search Access for Duration of Package",Company 60,$150.00 ,4Alumni
177725,2018-11-06 19:32:47 UTC,Senior IT Systems Engineer,6409357,"Single Job Posting Package, Priority Listing, Urgent Marking, Resume Search Access for Duration of Package",Company 61,$265.00 ,
173084,2018-10-10 19:43:44 UTC, Baseball Accounting and Business Manager,6063544,"Single Job Posting Package, Resume Search Access for Duration of Package",Company 61,$200.00 ,
171521,2018-10-02 17:11:44 UTC,Real Estate Maintenance Mechanic,5975408,"Single Job Posting Package, Priority Listing, Resume Search Access for Duration of Package",Company 61,$245.00 ,
171265,2018-10-01 18:48:31 UTC, Vice President & General Manager of Microspace,5961833,"Single Job Posting Package, Priority Listing, Resume Search Access for Duration of Package",Company 61,$245.00 ,
170539,2018-09-26 15:51:10 UTC, Satellite Systems Operator,5915077,"Single Job Posting Package, Priority Listing, Resume Search Access for Duration of Package",Company 61,$245.00 ,
170537,2018-09-26 15:47:47 UTC,Digital Project Coordinator,5915072,"Single Job Posting Package, Priority Listing, Resume Search Access for Duration of Package",Company 61,$245.00 ,
167334,2018-09-07 17:43:26 UTC,Recruiter / HR Administrator,5735135,"Single Job Posting Package, Priority Listing, Resume Search Access for Duration of Package",Company 61,$245.00 ,
161941,2018-08-07 15:05:14 UTC, Real Estate Maintenance Mechanic,5498196,"Single Job Posting Package, Resume Search Access for Duration of Package",Company 61,$200.00 ,
161939,2018-08-07 14:55:39 UTC, Satellite Network Engineer,5497798,"Single Job Posting Package, Resume Search Access for Duration of Package",Company 61,$200.00 ,
161935,2018-08-07 14:49:38 UTC,Radio Program Director/Air Personality WILT,5496788,"Single Job Posting Package, Resume Search Access for Duration of Package",Company 61,$200.00 ,
156966,2018-07-09 17:07:00 UTC, Commercial Operations Manager,5300102,"Single Job Posting Package, Priority Listing, Resume Search Access for Duration of Package",Company 61,$245.00 ,
156965,2018-07-09 16:59:29 UTC,Event Center Manager,5300099,"Single Job Posting Package, Resume Search Access for Duration of Package",Company 61,$200.00 ,
153645,2018-06-18 18:01:29 UTC,Member Experience Coordinator,5168997,"Single Job Posting Package, Priority Listing, Resume Search Access for Duration of Package",Company 61,$245.00 ,
153641,2018-06-18 17:45:01 UTC, Director - Community and Corporate Partnerships,5168979,"Single Job Posting Package, Priority Listing, Resume Search Access for Duration of Package",Company 61,$245.00 ,
147209,2018-05-15 18:05:27 UTC,TV Studio Broadcast Engineer,4856959,"Single Job Posting Package, Priority Listing, Resume Search Access for Duration of Package",Company 61,$245.00 ,
153948,2018-06-19 21:55:20 UTC,,,"5 Job Board Postings Package, Resume Search Access for Duration of Package",Company 62,$825.00 ,
152973,2018-06-13 20:22:10 UTC,,,1 Month Recruiter's Package,Company 62,$100.00 ,
171786,2018-10-03 17:34:43 UTC, Sales & Product Application Manager,5987297,"Single Job Posting Package, Resume Search Access for Duration of Package",Company 63,$200.00 ,
152026,2018-06-07 14:41:08 UTC,,,"Target Email Campaign: 1,000-4,999 Job Seekers",Company 64,$60.00 ,
149433,2018-05-23 19:04:07 UTC,Exterior Shutter Installer,4957249,"Single Job Posting Package, Resume Search Access for Duration of Package",Company 65,$150.00 ,PAYITFORWARD
148106,2018-05-17 14:11:26 UTC,Polyurethane Production Assistant,4865458,"Single Job Posting Package, Resume Search Access for Duration of Package",Company 65,$200.00 ,
183994,2018-12-12 20:01:15 UTC,"Career Acceleration Program (CAP) Associate - Nashville, TN; Alpharetta, GA; Chicago, IL; Seattle, WA; San Mateo, CA; Newton, MA",6969046,"Single Job Posting Package, Resume Search Access for Duration of Package",Company 66,$160.00 ,TRYITOUT
166845,2018-09-05 20:34:04 UTC,Cooks,5719222,"Single Job Posting Package, Resume Search Access for Duration of Package",Company 67,$200.00 ,
149983,2018-05-26 03:03:29 UTC,Carpet Cleaning Technican,5000148,"Single Job Posting Package, Priority Listing, Urgent Marking, Resume Search Access for Duration of Package",Company 68,$265.00 ,
151533,2018-06-05 14:45:56 UTC,Emergency Planning & Response/Safety Administrator,5069111,"Single Job Posting Package, Resume Search Access for Duration of Package",Company 69,$200.00 ,
143034,2018-04-23 21:36:54 UTC,Assistant Cultural Affairs Manager,4773968,"Single Job Posting Package, Resume Search Access for Duration of Package",Company 70,$200.00 ,
191223,2019-01-23 00:10:32 UTC,,,"5 Job Board Postings Package, Resume Search Access for Duration of Package",Company 71,$825.00 ,
177760,2018-11-06 21:18:24 UTC,Case Manager (RN),6409463,"Single Job Posting Package, Resume Search Access for Duration of Package",Company 72,$0.00 ,1STRESPOND
129106,2018-02-22 19:59:02 UTC,MSN Student Facilitator,4457663,"Year Long Job Board Posting , Resume Search Access for Duration of Package",Company 72,$0.00 ,1STRESPOND
129100,2018-02-22 19:50:49 UTC,SW Case Manager,4457653,"Year Long Job Board Posting , Resume Search Access for Duration of Package",Company 72,$0.00 ,1STRESPOND
129097,2018-02-22 19:42:38 UTC,RN Case Manager,4457649,"Single Job Posting Package, Resume Search Access for Duration of Package",Company 72,$0.00 ,1STRESPOND
129096,2018-02-22 19:38:40 UTC,,,"Recruiter's Package, 3 Months",Company 72,$0.00 ,1STRESPOND
183195,2018-12-07 16:22:49 UTC,POLICE OFFICER RECRUIT,6885574,"Single Job Posting Package, Resume Search Access for Duration of Package",Company 73,$200.00 ,
137052,2018-03-23 20:05:41 UTC,Firefighter/EMT,4652451,"Single Job Posting Package, Resume Search Access for Duration of Package",Company 73,$200.00 ,
183980,2018-12-12 19:08:17 UTC,Associate Technician - Pipeline,6968983,"Single Job Posting Package, Resume Search Access for Duration of Package",Company 74,$140.00 ,HappyHolidays
152496,2018-06-11 14:34:50 UTC,Climber/Arborist/Trainee,5132071,"Single Job Posting Package, Resume Search Access for Duration of Package",Company 75,$200.00 ,
177300,2018-11-03 18:28:29 UTC,Heavy Civil and Marine Construction,6385822,"Single Job Posting Package, Priority Listing, Resume Search Access for Duration of Package",Company 76,$245.00 ,
168824,2018-09-17 19:46:35 UTC,,,"10 Job Board Postings Package, Resume Search Access for Duration of Package",Company 77,"$1,400.00 ",
178114,2018-11-08 14:49:22 UTC,,,"Recruiterâ€™s Package, (1) Year",Company 78,$680.00 ,TRYITOUT
150361,2018-05-29 20:13:38 UTC,Surveillance and Claims Investigator,5026824,"Year Long Job Board Posting , Priority Listing, Resume Search Access for Duration of Package",Company 79,$645.00 ,
141758,2018-04-16 17:00:49 UTC,,,"5 Job Board Postings Package, Resume Search Access for Duration of Package",Company 80,$825.00 ,
127232,2018-02-13 00:08:06 UTC,Security Officer ,3448041,"Single Job Posting Package, Resume Search Access for Duration of Package",Company 80,$200.00 ,
166815,2018-09-05 18:43:22 UTC,Tech Startup Office Manager + Executive Assistant,5719098,"Single Job Posting Package, Resume Search Access for Duration of Package",Company 81,$150.00 ,PAYITFORWARD
166805,2018-09-05 18:10:32 UTC,Client Success Manager,5638925,"Single Job Posting Package, Resume Search Access for Duration of Package",Company 81,$150.00 ,PAYITFORWARD
170046,2018-09-24 17:13:51 UTC,"Crescent Park, GE Logistics Multiple Openings (Leads, Quality, CSR and etc.)",5897466,"Single Job Posting Package, Urgent Marking, Resume Search Access for Duration of Package",Company 82,$220.00 ,
155103,2018-06-26 19:50:51 UTC, CDL Driver for Wildland Fire Support,5223299,"Single Job Posting Package, Resume Search Access for Duration of Package",Company 83,$160.00 ,TRYITOUT
131860,2018-03-07 19:51:13 UTC,Customer Service,4544764,"Single Job Posting Package, Resume Search Access for Duration of Package",Company 84,$200.00 ,
143247,2018-04-24 17:55:25 UTC,Driver/Furniture Installer,4777246,"Single Job Posting Package, Urgent Marking, Resume Search Access for Duration of Package",Company 85,$220.00 ,
153887,2018-06-19 16:23:13 UTC,DAS Accelerate Military Veterans Program (MVP),5178271,"Single Job Posting Package, Urgent Marking, Resume Search Access for Duration of Package",Company 86,$176.00 ,TRYITOUT
166015,2018-08-30 19:20:13 UTC,Country Manager,5684387,"Single Job Posting Package, Urgent Marking, Resume Search Access for Duration of Package",Company 87,$220.00 ,
191826,2019-01-25 12:11:55 UTC,CDL Drivers/Equipmnet Operators/Foreman/General Laborers,7556758,"Year Long Job Board Posting , Priority Listing, Resume Search Access for Duration of Package",Company 88,$645.00 ,
166513,2018-09-04 13:56:18 UTC,Elevator/Lift Mechanic,5712749,"Single Job Posting Package, Urgent Marking, Resume Search Access for Duration of Package",Company 89,$220.00 ,
188866,2019-01-09 19:28:41 UTC,"Distribution Center Hiring Event - Wed., Jan. 23rd - 2pm-6pm",7342621,"Single Job Posting Package, Resume Search Access for Duration of Package",Company 90,$200.00 ,
163883,2018-08-17 19:51:22 UTC,NOW HIRING CDL CLASS A Drivers,5569883,"Single Job Posting Package, Resume Search Access for Duration of Package",Company 90,$200.00 ,
178190,2018-11-08 20:47:20 UTC,Service Manager/Service Advisor,6447727,"Single Job Posting Package, Resume Search Access for Duration of Package",Company 91,$200.00 ,
182005,2018-11-30 15:25:55 UTC,,,"5 Job Board Postings Package, Resume Search Access for Duration of Package",Company 92,$825.00 ,
160507,2018-07-30 13:17:01 UTC,Construction Materials Field Technician,5442973,"Single Job Posting Package, Resume Search Access for Duration of Package",Company 93,$200.00 ,
157377,2018-07-11 15:14:53 UTC,Driller Helper,5323199,"Single Job Posting Package, Resume Search Access for Duration of Package",Company 93,$200.00 ,
156178,2018-07-03 16:36:57 UTC,Construction Materials Field Technician,5261822,"Single Job Posting Package, Resume Search Access for Duration of Package",Company 93,$200.00 ,
153676,2018-06-18 19:41:42 UTC,Construction Materials Field Technician,5169055,"Single Job Posting Package, Resume Search Access for Duration of Package",Company 93,$200.00 ,
153673,2018-06-18 19:38:06 UTC,Construction Materials Field Technician,5169047,"Single Job Posting Package, Resume Search Access for Duration of Package",Company 93,$200.00 ,
153666,2018-06-18 19:06:59 UTC,Construction Materials Field Technician,5169028,"Single Job Posting Package, Resume Search Access for Duration of Package",Company 93,$200.00 ,
153639,2018-06-18 17:34:53 UTC,Construction Materials Field Technician,5168982,"Single Job Posting Package, Resume Search Access for Duration of Package",Company 93,$200.00 ,
151774,2018-06-06 14:53:59 UTC,Construction Materials Field Technician,5073073,"Single Job Posting Package, Resume Search Access for Duration of Package",Company 93,$200.00 ,
151773,2018-06-06 14:50:53 UTC,Construction Materials Field Technician,5073070,"Single Job Posting Package, Resume Search Access for Duration of Package",Company 93,$200.00 ,
151790,2018-06-06 15:49:51 UTC,HVAC Technician - Air Balancer,5073125,"Single Job Posting Package, Resume Search Access for Duration of Package",Company 94,$200.00 ,
164929,2018-08-24 01:46:33 UTC,Assistant Property Manager,5609908,"Single Job Posting Package, Resume Search Access for Duration of Package",Company 95,$200.00 ,
129999,2018-02-27 19:44:10 UTC,Customer Support Specialist,4489773,"Single Job Posting Package, Resume Search Access for Duration of Package",Company 96,$200.00 ,
161433,2018-08-03 13:23:07 UTC,Cell Tower Technician,5473566,"Single Job Posting Package, Resume Search Access for Duration of Package",Company 97,$200.00 ,
153927,2018-06-19 20:25:26 UTC,Delivery Specialist - CDL,5178456,"Single Job Posting Package, Priority Listing, Resume Search Access for Duration of Package",Company 98,$245.00 ,
179557,2018-11-16 17:41:52 UTC,LAND SURVEY INSTRUMENT PERSON,6541373,"Single Job Posting Package, Resume Search Access for Duration of Package",Company 99,$200.00 ,
179556,2018-11-16 17:37:47 UTC,Land Survey Party Chief,6541371,"Single Job Posting Package, Resume Search Access for Duration of Package",Company 99,$150.00 ,PAYITFORWARD
191395,2019-01-23 17:59:24 UTC,Network Construction Assistant / Laborer,7537312,"Single Job Posting Package, Priority Listing, Resume Search Access for Duration of Package",Company 100,$245.00 ,
143450,2018-04-25 15:50:50 UTC,Explosive Detection Dog Handler,4781395,"Single Job Posting Package, Priority Listing, Urgent Marking, Resume Search Access for Duration of Package",Company 101,$265.00 ,
145015,2018-05-03 18:37:10 UTC,,,"Single Job Posting Package, Resume Search Access for Duration of Package",Company 102,$200.00 ,
144517,2018-05-01 23:01:05 UTC,Local Delivery Driver CDL-A,4805027,"Single Job Posting Package, Resume Search Access for Duration of Package",Company 102,$200.00 ,
138203,2018-03-29 13:20:52 UTC,Industrial Painter I,4674922,"Single Job Posting Package, Resume Search Access for Duration of Package",Company 103,$200.00 ,
131168,2018-03-05 19:33:28 UTC,Executive Director,4532678,"Single Job Posting Package, Resume Search Access for Duration of Package",Company 104,$160.00 ,TRYITOUT
171072,2018-09-29 22:39:12 UTC,Chief Steward,5950267,"Single Job Posting Package, Resume Search Access for Duration of Package",Company 105,$200.00 ,
168516,2018-09-14 16:56:02 UTC,,,1 Month Recruiter's Package,Company 105,$100.00 ,
140085,2018-04-09 17:37:48 UTC,Warehouse Team Member,4715116,"Single Job Posting Package, Urgent Marking, Resume Search Access for Duration of Package",Company 106,$220.00 ,
168375,2018-09-13 23:09:15 UTC,Package Handler- Warehouse,5789315,"Year Long Job Board Posting , Priority Listing, Resume Search Access for Duration of Package",Company 107,$516.00 ,TRYITOUT
164780,2018-08-23 13:45:40 UTC,Door and Window Installer,5607737,"Year Long Job Board Posting , Resume Search Access for Duration of Package",Company 108,$480.00 ,TRYITOUT
189292,2019-01-11 16:39:50 UTC,Asset Protection Officer ,7375058,"Single Job Posting Package, Priority Listing, Resume Search Access for Duration of Package",Company 109,$196.00 ,TRYITOUT
165784,2018-08-29 16:59:50 UTC,Maintenance Technician,5657599,"Single Job Posting Package, Resume Search Access for Duration of Package",Company 110,$200.00 ,
144795,2018-05-02 20:50:37 UTC,Survey Instrument Tech,4812574,"Single Job Posting Package, Priority Listing, Resume Search Access for Duration of Package",Company 111,$245.00 ,
173019,2018-10-10 14:37:38 UTC,,,1 Month Recruiter's Package,Company 112,$100.00 ,
142274,2018-04-18 18:01:52 UTC,Water Services Operator,4750356,"Single Job Posting Package, Resume Search Access for Duration of Package",Company 113,$200.00 ,
163414,2018-08-15 17:01:03 UTC,OIM Principal Consultant Security Clearance Required,5556374,"Single Job Posting Package, Urgent Marking, Resume Search Access for Duration of Package",Company 114,$220.00 ,
163638,2018-08-16 14:55:17 UTC,Class A CDL Driver/Materials Handler ,5561478,"Single Job Posting Package, Priority Listing, Urgent Marking, Resume Search Access for Duration of Package",Company 115,$265.00 ,
140319,2018-04-10 16:49:22 UTC,,,1 Month Recruiter's Package,Company 116,$100.00 ,
167069,2018-09-06 15:06:01 UTC,Security Officer - EMT,5724928,"Year Long Job Board Posting , Priority Listing, Resume Search Access for Duration of Package",Company 117,$645.00 ,
184201,2018-12-13 17:25:41 UTC,Veteran Employment Program Manager,6986661,"Single Job Posting Package, Resume Search Access for Duration of Package",Company 118,$200.00 ,
143159,2018-04-24 13:20:35 UTC,Application Engineer/Sales Engineer,4777006,"Year Long Job Board Posting , Priority Listing, Urgent Marking, Resume Search Access for Duration of Package",Company 119,$665.00 ,
160106,2018-07-26 16:47:57 UTC,Operations / Production Supervisor,5417245,"Year Long Job Board Posting , Resume Search Access for Duration of Package",Company 120,$600.00 ,
155502,2018-06-28 14:38:05 UTC,,,Target Email Campaign: Less than 500 Job Seekers,Company 121,$10.00 ,
164648,2018-08-22 21:44:29 UTC,Office Administrator,5602795,"Single Job Posting Package, Resume Search Access for Duration of Package",Company 122,$200.00 ,
181675,2018-11-29 16:29:15 UTC,,,"5 Job Board Postings Package, Resume Search Access for Duration of Package",Company 123,$825.00 ,
165994,2018-08-30 17:01:29 UTC,Manager of Risk Analytics,5684284,"Year Long Job Board Posting , Priority Listing, Urgent Marking, Resume Search Access for Duration of Package",Company 124,$532.00 ,TRYITOUT
176324,2018-10-29 20:54:15 UTC,,,"5 Job Board Postings Package, Resume Search Access for Duration of Package",Company 125,$412.50 ,M43PARTNER
132677,2018-03-12 15:26:01 UTC,,,"10 Job Board Postings Package, Resume Search Access for Duration of Package",Company 126,"$1,120.00 ",TRYITOUT
158071,2018-07-16 12:43:10 UTC,Security Operations Center â€“ Operator,5349186,"Single Job Posting Package, Resume Search Access for Duration of Package",Company 127,$200.00 ,
138791,2018-04-02 17:34:52 UTC,Sales / Sales Support,4690968,"Single Job Posting Package, Resume Search Access for Duration of Package",Company 128,$200.00 ,
183048,2018-12-06 23:37:28 UTC,CDL CLASS A TEAM OTR COMPANY DRIVER,6873502,"Single Job Posting Package, Priority Listing, Urgent Marking, Resume Search Access for Duration of Package",Company 129,$265.00 ,
125582,2018-02-02 20:27:27 UTC,Safety Representative,3411176,"Single Job Posting Package, Resume Search Access for Duration of Package",Company 130,$200.00 ,
151632,2018-06-05 21:18:26 UTC,Electricians and Electrical helpers- project based to full time,5069389,"Single Job Posting Package, Resume Search Access for Duration of Package",Company 131,$200.00 ,
183198,2018-12-07 16:32:14 UTC,Receptionist,6885586,"Single Job Posting Package, Resume Search Access for Duration of Package",Company 132,$200.00 ,
152649,2018-06-12 11:36:36 UTC,Concrete Restoration Foreman & Laborer Posistions,5135409,"Single Job Posting Package, Resume Search Access for Duration of Package",Company 133,$200.00 ,
138814,2018-04-02 19:54:24 UTC,Assistant Commercial Construction Manager,4691034,"Single Job Posting Package, Resume Search Access for Duration of Package",Company 134,$150.00 ,4Alumni
170750,2018-09-27 15:35:47 UTC,,,"Recruiterâ€™s Package, (1) Year",Company 135,$850.00 ,
152506,2018-06-11 15:24:32 UTC,Housing Unit for Military Veterans (HUMV) Program Manager,5132110,"Single Job Posting Package, Resume Search Access for Duration of Package",Company 136,$200.00 ,
190199,2019-01-16 20:40:12 UTC,,,1 Month Recruiter's Package,Company 137,$100.00 ,
189056,2019-01-10 17:25:24 UTC,,,1 Month Recruiter's Package,Company 138,$100.00 ,
192560,2019-01-29 20:22:04 UTC,Service Technician,7604932,"Single Job Posting Package, Resume Search Access for Duration of Package",Company 139,$200.00 ,
168550,2018-09-14 20:28:49 UTC,,,1 Month Recruiter's Package,Company 140,$100.00 ,
165989,2018-08-30 15:49:54 UTC,"Foreman, Equipment Operators and Laborers.",5684253,"Single Job Posting Package, Urgent Marking, Resume Search Access for Duration of Package",Company 141,$220.00 ,
151643,2018-06-06 00:42:15 UTC,Chimney Sweep Service and Sales Technician,5069495,"Single Job Posting Package, Resume Search Access for Duration of Package",Company 142,$160.00 ,TRYITOUT
150330,2018-05-29 17:14:28 UTC,,,1 Month Recruiter's Package,Company 143,$75.00 ,PAYITFORWARD
181689,2018-11-29 17:36:02 UTC,Executive Assistant,6731775,"Single Job Posting Package, Resume Search Access for Duration of Package",Company 144,$200.00 ,
130461,2018-03-01 16:47:06 UTC,Administrative Assistant,4501459,"Single Job Posting Package, Resume Search Access for Duration of Package",Company 144,$200.00 ,
139369,2018-04-04 20:03:32 UTC,Community Safety Officer- Veterans Housing (7pm-3am) ,4697486,"Single Job Posting Package, Priority Listing, Resume Search Access for Duration of Package",Company 145,$183.75 ,PAYITFORWARD
139304,2018-04-04 16:24:33 UTC,PROPERTY MANAGER - Veterans Housing,4697340,"Single Job Posting Package, Priority Listing, Resume Search Access for Duration of Package",Company 145,$183.75 ,PAYITFORWARD
169457,2018-09-20 14:34:08 UTC,,,"1 Year Unlimited Job Board Posting Package, Resume Search Access for Duration of Package",Company 146,$0.00 ,1STRESPOND
183027,2018-12-06 20:14:02 UTC,"Veterans Counselor/Advisor, TRIO (1988)",6871166,"Single Job Posting Package, Resume Search Access for Duration of Package",Company 147,$200.00 ,
183007,2018-12-06 19:06:40 UTC,Liaison/Security to the Company President,6849393,"Single Job Posting Package, Resume Search Access for Duration of Package",Company 148,$200.00 ,
133097,2018-03-13 22:35:27 UTC,Sales Representative,4592890,"Single Job Posting Package, Resume Search Access for Duration of Package",Company 149,$200.00 ,
173015,2018-10-10 14:16:04 UTC,Key Account Manager - Leak Detection (Texas),6055424,"Single Job Posting Package, Resume Search Access for Duration of Package",Company 150,$200.00 ,
172534,2018-10-08 13:36:42 UTC,Customer Service Coordinator,6037769,"Single Job Posting Package, Resume Search Access for Duration of Package",Company 150,$200.00 ,
151298,2018-06-04 16:32:26 UTC,Test Engineer,5064421,"Single Job Posting Package, Resume Search Access for Duration of Package",Company 150,$200.00 ,
151273,2018-06-04 15:01:07 UTC,Application Manager,5064301,"Single Job Posting Package, Resume Search Access for Duration of Package",Company 150,$200.00 ,
149113,2018-05-22 18:21:18 UTC,Test Technician,4934778,"Single Job Posting Package, Resume Search Access for Duration of Package",Company 150,$200.00 ,
148115,2018-05-17 14:28:44 UTC,Sr. Product Manager,4865473,"Single Job Posting Package, Resume Search Access for Duration of Package",Company 150,$200.00 ,
148101,2018-05-17 13:41:33 UTC,Inside Sales Representative,4865440,"Single Job Posting Package, Resume Search Access for Duration of Package",Company 150,$200.00 ,
145421,2018-05-07 13:22:52 UTC,Key Account Manager - Leak Detection,4828733,"Single Job Posting Package, Resume Search Access for Duration of Package",Company 150,$200.00 ,
139379,2018-04-04 21:06:34 UTC,Mechanical Technician,4697544,"Single Job Posting Package, Resume Search Access for Duration of Package",Company 150,$200.00 ,
139373,2018-04-04 20:22:27 UTC,Test Technician,4697498,"Single Job Posting Package, Resume Search Access for Duration of Package",Company 150,$200.00 ,
136273,2018-03-21 20:55:08 UTC,Product Engineer,4634039,"Single Job Posting Package, Resume Search Access for Duration of Package",Company 150,$200.00 ,
135173,2018-03-19 14:58:28 UTC,Sales Engineer - Food Production/Packaging,4623367,"Single Job Posting Package, Resume Search Access for Duration of Package",Company 150,$200.00 ,
131647,2018-03-07 14:47:30 UTC,Human Resource Generalist,4542734,"Single Job Posting Package, Resume Search Access for Duration of Package",Company 150,$200.00 ,
131439,2018-03-06 19:30:06 UTC,Senior Process Engineer,4537239,"Single Job Posting Package, Resume Search Access for Duration of Package",Company 150,$200.00 ,
129964,2018-02-27 16:59:39 UTC,Test Engineering Manager,4489649,"Single Job Posting Package, Resume Search Access for Duration of Package",Company 150,$200.00 ,
129634,2018-02-26 15:00:11 UTC,Electrical Engineering Manager,4476241,"Single Job Posting Package, Resume Search Access for Duration of Package",Company 150,$200.00 ,
126610,2018-02-08 16:08:46 UTC,Repair Technician,3431133,"Single Job Posting Package, Resume Search Access for Duration of Package",Company 150,$200.00 ,
122817,2018-01-19 21:06:35 UTC,Repair Services Coordinator,3351334,"Single Job Posting Package, Resume Search Access for Duration of Package",Company 150,$200.00 ,
119347,2018-01-02 18:03:13 UTC,Advanced Manufacturing Trainer/Facilitator,3292986,"Single Job Posting Package, Resume Search Access for Duration of Package",Company 150,$200.00 ,
119345,2018-01-02 17:57:20 UTC,Senior Software Engineer,3292980,"Single Job Posting Package, Resume Search Access for Duration of Package",Company 150,$200.00 ,
119326,2018-01-02 17:18:05 UTC,Associate Applications Engineer,3292970,"Single Job Posting Package, Resume Search Access for Duration of Package",Company 150,$200.00 ,
119298,2018-01-02 15:55:09 UTC,Assembler,3292925,"Single Job Posting Package, Resume Search Access for Duration of Package",Company 150,$200.00 ,
119296,2018-01-02 15:48:46 UTC,Shipping Attendant,3292923,"Single Job Posting Package, Resume Search Access for Duration of Package",Company 150,$200.00 ,
151365,2018-06-04 20:42:06 UTC,Hazmat Driver/ Technician,5065767,"Single Job Posting Package, Resume Search Access for Duration of Package",Company 151,$200.00 ,
151364,2018-06-04 20:41:11 UTC,Hazmat Driver/ Technician,5065766,"Single Job Posting Package, Resume Search Access for Duration of Package",Company 151,$200.00 ,
145847,2018-05-08 23:23:22 UTC,Hazmat Driver/ Technician,4833702,"Single Job Posting Package, Urgent Marking, Resume Search Access for Duration of Package",Company 151,$220.00 ,
145820,2018-05-08 21:22:07 UTC,Hazardous Waste Chemist / Driver,4833623,"Single Job Posting Package, Urgent Marking, Resume Search Access for Duration of Package",Company 151,$220.00 ,
121343,2018-01-12 22:39:42 UTC,Plant Manager,3333143,"Single Job Posting Package, Urgent Marking, Resume Search Access for Duration of Package",Company 152,$220.00 ,
148335,2018-05-18 12:05:56 UTC,Machine Operator,4879487,"Single Job Posting Package, Urgent Marking, Resume Search Access for Duration of Package",Company 153,$220.00 ,
153152,2018-06-14 15:44:04 UTC,IT Field Service Technician - Multiple Locations,5149654,"Single Job Posting Package, Resume Search Access for Duration of Package",Company 154,$200.00 ,
168057,2018-09-12 18:07:03 UTC,911 Telecommunicator,5779664,"Single Job Posting Package, Resume Search Access for Duration of Package",Company 155,$200.00 ,
134106,2018-03-16 16:31:26 UTC,Business Development,4613632,"Year Long Job Board Posting , Priority Listing, Resume Search Access for Duration of Package",Company 156,$516.00 ,TRYITOUT
159951,2018-07-25 20:18:42 UTC,,,Target Email Campaign: Less than 500 Job Seekers,Company 157,$10.00 ,
159946,2018-07-25 20:04:04 UTC,Industrial Maintenance Technician,5404793,"Single Job Posting Package, Priority Listing, Urgent Marking, Resume Search Access for Duration of Package",Company 157,$212.00 ,TRYITOUT
165357,2018-08-27 20:57:39 UTC,Systems Administrator,5635566,"Single Job Posting Package, Urgent Marking, Resume Search Access for Duration of Package",Company 158,$220.00 ,
146322,2018-05-10 19:07:01 UTC,,,"Single Job Posting Package, Resume Search Access for Duration of Package",Company 159,$200.00 ,
145050,2018-05-03 21:48:16 UTC,Entry Level Paralegal,4817649,"Single Job Posting Package, Resume Search Access for Duration of Package",Company 160,$200.00 ,
162582,2018-08-10 19:40:10 UTC,,,"3 Month Unlimited Job Board Posting Package, Resume Search Access for Duration of Package",Company 161,"$3,600.00 ",TRYITOUT
192749,2019-01-30 13:55:17 UTC,,,"10 Job Board Postings Package, Resume Search Access for Duration of Package",Company 162,"$1,120.00 ",TRYITOUT
167130,2018-09-06 19:09:23 UTC,Sprinkler Fitter,5728470,"Single Job Posting Package, Resume Search Access for Duration of Package",Company 163,$200.00 ,
182984,2018-12-06 17:12:51 UTC,Yard Personnel,6849287,"Single Job Posting Package, Resume Search Access for Duration of Package",Company 164,$200.00 ,
174974,2018-10-22 13:00:39 UTC,,,1 Month Recruiter's Package,Company 165,$100.00 ,
183041,2018-12-06 22:42:40 UTC,Field Technician/Field Labor,6873467,"Single Job Posting Package, Resume Search Access for Duration of Package",Company 166,$200.00 ,
160887,2018-08-01 01:54:39 UTC,"Calling All: Leaders, Outside Sales Reps, Climbers & Project Managers",5450483,"Year Long Job Board Posting , Priority Listing, Resume Search Access for Duration of Package",Company 167,$483.75 ,4LegacyRG
177901,2018-11-07 14:51:20 UTC,Field Service Engineers,6422335,"Year Long Job Board Posting , Resume Search Access for Duration of Package",Company 168,$600.00 ,
165029,2018-08-24 14:44:48 UTC,,,"10 Job Board Postings Package, Resume Search Access for Duration of Package",Company 169,"$1,400.00 ",
129092,2018-02-22 19:25:39 UTC,,,"10 Job Board Postings Package, Resume Search Access for Duration of Package",Company 169,"$1,400.00 ",
126673,2018-02-08 20:13:48 UTC,Accounting Assistant,3431264,"Single Job Posting Package, Resume Search Access for Duration of Package",Company 169,$200.00 ,
124076,2018-01-26 15:51:57 UTC,Actuarial Technician (6 Job Openings),3387227,"Single Job Posting Package, Resume Search Access for Duration of Package",Company 169,$200.00 ,
121964,2018-01-16 19:32:19 UTC,2018 Summer Actuarial Intern Program,3343011,"Single Job Posting Package, Resume Search Access for Duration of Package",Company 169,$200.00 ,
121938,2018-01-16 17:46:33 UTC,INSURANCE COMPLIANCE SPECIALIST,3342915,"Single Job Posting Package, Resume Search Access for Duration of Package",Company 169,$200.00 ,
189719,2019-01-14 23:04:08 UTC,,,"5 Job Board Postings Package, Resume Search Access for Duration of Package",Company 170,$825.00 ,
179216,2018-11-14 22:56:50 UTC,"CDL Driver, Class A, Tanker Endorsement, Vacuum Truck Operator",6521692,"Single Job Posting Package, Urgent Marking, Resume Search Access for Duration of Package",Company 171,$220.00 ,
165521,2018-08-28 16:13:57 UTC,Firearms Technician / Instructor @ Machine Gun Range,5638916,"Single Job Posting Package, Urgent Marking, Resume Search Access for Duration of Package",Company 172,$220.00 ,
165159,2018-08-26 16:23:01 UTC,,,"5 Job Board Postings Package, Resume Search Access for Duration of Package",Company 173,$825.00 ,
148407,2018-05-18 16:05:19 UTC,Electrician,4879760,"Single Job Posting Package, Priority Listing, Urgent Marking, Resume Search Access for Duration of Package",Company 174,$212.00 ,TRYITOUT
151800,2018-06-06 16:32:36 UTC,,,1 Month Recruiter's Package,Company 175,$100.00 ,
168816,2018-09-17 18:45:24 UTC,,,"Recruiter's Package, 3 Months",Company 176,$275.00 ,
120067,2018-01-07 19:23:30 UTC,Executive Assistant,3315516,"Single Job Posting Package, Resume Search Access for Duration of Package",Company 177,$200.00 ,
120066,2018-01-07 19:15:57 UTC,Accounts Payable Clerk,3315515,"Single Job Posting Package, Resume Search Access for Duration of Package",Company 177,$200.00 ,
120065,2018-01-07 19:07:57 UTC,Director of Development for Southern or Northern Region,3315514,"Single Job Posting Package, Resume Search Access for Duration of Package",Company 177,$200.00 ,
190603,2019-01-18 13:34:15 UTC,,,"Recruiterâ€™s Package, (1) Year",Company 178,$850.00 ,
183263,2018-12-07 23:46:56 UTC,After School Care Monitor for Martial Arts Studio (Short Pump) ,6886456,"Year Long Job Board Posting , Resume Search Access for Duration of Package",Company 179,$420.00 ,HappyHolidays
181368,2018-11-28 20:02:55 UTC,Project Analyst,6720644,"Single Job Posting Package, Resume Search Access for Duration of Package",Company 180,$200.00 ,
166854,2018-09-05 21:16:58 UTC,Marketing Consultant,5719244,"Year Long Job Board Posting , Resume Search Access for Duration of Package",Company 181,$480.00 ,TRYITOUT
164829,2018-08-23 16:02:56 UTC,,,1 Month Recruiter's Package,Company 182,$100.00 ,
180854,2018-11-26 18:53:47 UTC,Systems Administrator,6675377,"Single Job Posting Package, Priority Listing, Urgent Marking, Resume Search Access for Duration of Package",Company 183,$265.00 ,
159888,2018-07-25 15:03:15 UTC,OTR Class A CDL Truck Driver,5403820,"Single Job Posting Package, Priority Listing, Urgent Marking, Resume Search Access for Duration of Package",Company 184,$265.00 ,
168544,2018-09-14 19:56:10 UTC,Maintenance Mechanic,5798088,"Single Job Posting Package, Resume Search Access for Duration of Package",Company 185,$160.00 ,TRYITOUT
140242,2018-04-10 12:23:55 UTC,Area Sales Manager,4720075,"Single Job Posting Package, Resume Search Access for Duration of Package",Company 186,$160.00 ,TRYITOUT
142631,2018-04-20 13:15:55 UTC,Project Manager/ Project Estimator ,4756464,"Single Job Posting Package, Resume Search Access for Duration of Package",Company 187,$200.00 ,
161314,2018-08-02 20:47:42 UTC,,,1 Month Recruiter's Package,Company 188,$100.00 ,
161276,2018-08-02 16:18:50 UTC,,,1 Month Recruiter's Package,Company 188,$100.00 ,
151793,2018-06-06 16:00:00 UTC,,,1 Month Recruiter's Package,Company 188,$100.00 ,
143485,2018-04-25 19:05:39 UTC,,,1 Month Recruiter's Package,Company 188,$100.00 ,
130231,2018-02-28 15:48:17 UTC,,,1 Month Recruiter's Package,Company 188,$100.00 ,
123865,2018-01-25 16:13:11 UTC,,,1 Month Recruiter's Package,Company 188,$100.00 ,
165123,2018-08-25 00:23:49 UTC,Field Technician (Wireless Telecom),5617397,"Single Job Posting Package, Priority Listing, Resume Search Access for Duration of Package",Company 189,$245.00 ,
144808,2018-05-02 22:49:01 UTC,Field Clinical Specialist,4812689,"Single Job Posting Package, Urgent Marking, Resume Search Access for Duration of Package",Company 190,$220.00 ,
179366,2018-11-15 16:38:05 UTC,Chief Communications Officer,6530891,"Single Job Posting Package, Urgent Marking, Resume Search Access for Duration of Package",Company 191,$220.00 ,
130861,2018-03-02 19:57:16 UTC,Program Specialist/Assistant - NAAG & NAGTRI,4510833,"Single Job Posting Package, Resume Search Access for Duration of Package",Company 191,$200.00 ,
174504,2018-10-18 15:22:21 UTC,"Remote Office Manager/Presenter - Norfolk, VA",6178868,"Single Job Posting Package, Resume Search Access for Duration of Package",Company 192,$200.00 ,
145767,2018-05-08 18:25:00 UTC,Porters & Groundskeepers Maintenance,4833493,"Single Job Posting Package, Resume Search Access for Duration of Package",Company 193,$200.00 ,
170235,2018-09-25 14:59:17 UTC,Field Electronics Service Technician,5905326,"Single Job Posting Package, Resume Search Access for Duration of Package",Company 194,$200.00 ,
159517,2018-07-23 18:46:04 UTC,Field Electronics Service Technician,5389419,"Single Job Posting Package, Resume Search Access for Duration of Package",Company 194,$200.00 ,
182988,2018-12-06 18:05:58 UTC,CDL Driver / Blasting Assistant,6849306,"Year Long Job Board Posting , Resume Search Access for Duration of Package",Company 195,$300.00 ,M43PARTNER
184690,2018-12-17 21:04:42 UTC,,,1 Month Recruiter's Package,Company 196,$100.00 ,
164651,2018-08-22 21:57:56 UTC,Sales Agent ,5602832,"Single Job Posting Package, Priority Listing, Urgent Marking, Resume Search Access for Duration of Package",Company 197,$265.00 ,
166221,2018-08-31 20:28:33 UTC,Landfill Gas Technician,5692304,"Single Job Posting Package, Resume Search Access for Duration of Package",Company 198,$200.00 ,
168491,2018-09-14 14:06:08 UTC,Data Center Facility Engineer,5796559,"Single Job Posting Package, Resume Search Access for Duration of Package",Company 199,$200.00 ,
192025,2019-01-25 23:41:09 UTC,MARKETING AND EVENTS MANAGER,7563471,"Single Job Posting Package, Resume Search Access for Duration of Package",Company 200,$160.00 ,TRYITOUT
182572,2018-12-04 20:11:52 UTC,Accounting Tech-Contract Billing,6822958,"Single Job Posting Package, Resume Search Access for Duration of Package",Company 200,$160.00 ,TRYITOUT
172841,2018-10-09 17:43:43 UTC,Accounting Tech/ Corporate Float,6050863,"Single Job Posting Package, Resume Search Access for Duration of Package",Company 200,$160.00 ,TRYITOUT
159536,2018-07-23 20:26:12 UTC,Supported Living Coordinator,5389497,"Single Job Posting Package, Resume Search Access for Duration of Package",Company 200,$200.00 ,
159535,2018-07-23 20:19:42 UTC,Shift Supervisor,5389491,"Single Job Posting Package, Resume Search Access for Duration of Package",Company 200,$200.00 ,
145058,2018-05-03 22:36:07 UTC,Fleet Tech,4817678,"Single Job Posting Package, Resume Search Access for Duration of Package",Company 200,$200.00 ,
131117,2018-03-05 15:56:15 UTC,Front Office Administrator,4532538,"Single Job Posting Package, Resume Search Access for Duration of Package",Company 200,$200.00 ,
176024,2018-10-26 15:59:02 UTC,Event Production Lighting and Props Crew,6287159,"Single Job Posting Package, Resume Search Access for Duration of Package",Company 201,$160.00 ,TRYITOUT
179874,2018-11-19 19:35:48 UTC,General Labor,6581902,"Single Job Posting Package, Resume Search Access for Duration of Package",Company 202,$200.00 ,
163646,2018-08-16 15:40:21 UTC,,,"5 Job Board Postings Package, Resume Search Access for Duration of Package",Company 202,$825.00 ,
179609,2018-11-16 21:20:20 UTC,Customer Success Manager,6543069,"Single Job Posting Package, Priority Listing, Resume Search Access for Duration of Package",Company 203,$245.00 ,
144805,2018-05-02 22:31:43 UTC,External Affairs & Program Coordinator,4812667,"Single Job Posting Package, Urgent Marking, Resume Search Access for Duration of Package",Company 204,$165.00 ,PAYITFORWARD
135181,2018-03-19 15:42:12 UTC,,,1 Month Recruiter's Package,Company 204,$75.00 ,PAYITFORWARD
178346,2018-11-09 16:49:29 UTC,CREW CHIEF,6461291,"Single Job Posting Package, Resume Search Access for Duration of Package",Company 205,$200.00 ,
178345,2018-11-09 16:46:22 UTC,CREW PERSONNEL,6461191,"Single Job Posting Package, Resume Search Access for Duration of Package",Company 205,$200.00 ,
191150,2019-01-22 17:01:04 UTC,"Administrative Assistant - Healthcare, Healthcare Management",7524423,"Single Job Posting Package, Priority Listing, Urgent Marking, Resume Search Access for Duration of Package",Company 206,$265.00 ,
179616,2018-11-16 22:17:31 UTC,Account & Customer Service Manager,6543115,"Single Job Posting Package, Resume Search Access for Duration of Package",Company 207,$200.00 ,
123116,2018-01-22 17:48:23 UTC,Heavy Equipment/ Truck Mechanic,3360730,"Single Job Posting Package, Resume Search Access for Duration of Package",Company 208,$200.00 ,
122809,2018-01-19 19:40:02 UTC,,,"5 Job Board Postings Package, Resume Search Access for Duration of Package",Company 209,$825.00 ,
138337,2018-03-29 19:55:55 UTC,Senior Project Specialist (Fast Track to Project Manager),4675403,"Single Job Posting Package, Resume Search Access for Duration of Package",Company 210,$200.00 ,
162336,2018-08-09 14:23:36 UTC,Air Drilling Equipment Operator (Entry Level and Experienced),5511446,"Single Job Posting Package, Resume Search Access for Duration of Package",Company 211,$200.00 ,
144269,2018-04-30 19:00:44 UTC,Lawn Maintenance & Landscape Construction,4797560,"Single Job Posting Package, Priority Listing, Urgent Marking, Resume Search Access for Duration of Package",Company 212,$265.00 ,
189133,2019-01-11 01:57:18 UTC,Account Representative â€“ Natural Hazard Disclosure,7363725,"Single Job Posting Package, Resume Search Access for Duration of Package",Company 213,$200.00 ,
183975,2018-12-12 18:26:43 UTC,,,"1 Year Unlimited Job Board Posting Package, Resume Search Access for Duration of Package",Company 214,$0.00 ,1STRESPOND
189662,2019-01-14 18:47:12 UTC,Irrigation Service Technician ,7412341,"Single Job Posting Package, Resume Search Access for Duration of Package",Company 215,$160.00 ,TRYITOUT
138765,2018-04-02 15:14:18 UTC,Pest Control Technician,4690907,"Single Job Posting Package, Resume Search Access for Duration of Package",Company 216,$150.00 ,4Alumni
152501,2018-06-11 14:48:49 UTC,,,1 Month Recruiter's Package,Company 217,$100.00 ,
147887,2018-05-16 15:31:40 UTC,Executive Driver,4861104,"Single Job Posting Package, Urgent Marking, Resume Search Access for Duration of Package",Company 218,$176.00 ,TRYITOUT
121655,2018-01-15 16:42:56 UTC,Family Medicine Physician,3340584,"Single Job Posting Package, Resume Search Access for Duration of Package",Company 219,$200.00 ,
131767,2018-03-07 17:57:47 UTC,Police Officer - Rapid City Police Department,4544101,"Single Job Posting Package, Resume Search Access for Duration of Package",Company 220,$0.00 ,1STRESPOND
179560,2018-11-16 17:58:10 UTC,Forklift Technician,6541391,"Single Job Posting Package, Priority Listing, Resume Search Access for Duration of Package",Company 221,$245.00 ,
176245,2018-10-29 15:02:05 UTC,Field Marketer ,6323325,"Single Job Posting Package, Resume Search Access for Duration of Package",Company 222,$200.00 ,
189760,2019-01-15 06:30:01 UTC,Director of Dockless Vehicle Sharing,7415329,"Single Job Posting Package, Urgent Marking, Resume Search Access for Duration of Package",Company 223,$220.00 ,
172985,2018-10-10 13:14:52 UTC,Production Specialist,6055370,"Single Job Posting Package, Resume Search Access for Duration of Package",Company 224,$200.00 ,
162199,2018-08-08 20:40:27 UTC,Electronic Bench technician,5504193,"Single Job Posting Package, Resume Search Access for Duration of Package",Company 225,$200.00 ,
161317,2018-08-02 21:22:34 UTC,,,1 Month Recruiter's Package,Company 226,$100.00 ,
144286,2018-04-30 20:29:03 UTC,OTR Driver (CDL A),4797596,"Year Long Job Board Posting , Priority Listing, Resume Search Access for Duration of Package",Company 227,$645.00 ,
170244,2018-09-25 15:27:21 UTC,Event Security For Super Bowl LIII!,5905288,"Single Job Posting Package, Resume Search Access for Duration of Package",Company 228,$200.00 ,
128846,2018-02-21 19:54:26 UTC,AutoGlass Technician Trainee,4455064,"Single Job Posting Package, Priority Listing, Resume Search Access for Duration of Package",Company 229,$245.00 ,
182832,2018-12-06 00:02:53 UTC,"Program Officer, Post 9/11 Veterans and Their Families",6840766,"Single Job Posting Package, Priority Listing, Resume Search Access for Duration of Package",Company 230,$245.00 ,
121082,2018-01-11 20:47:38 UTC,Book Publishing Manager,3329324,"Single Job Posting Package, Priority Listing, Resume Search Access for Duration of Package",Company 231,$245.00 ,
161574,2018-08-04 22:03:23 UTC,Lead Alarm Technician/Project Manager ,5480568,"Single Job Posting Package, Resume Search Access for Duration of Package",Company 232,$200.00 ,
150767,2018-05-31 14:57:32 UTC,"Truck Shop Manager - Georgetown, SC",5037238,"Single Job Posting Package, Priority Listing, Urgent Marking, Resume Search Access for Duration of Package",Company 233,$265.00 ,
156207,2018-07-03 19:12:24 UTC,Executive Assistant - Business Development,5262994,"Single Job Posting Package, Priority Listing, Urgent Marking, Resume Search Access for Duration of Package",Company 234,$265.00 ,
127383,2018-02-13 17:17:04 UTC,,,1 Month Recruiter's Package,Company 235,$80.00 ,TRYITOUT
140052,2018-04-09 14:53:39 UTC,Business Development Assistant ,4714999,"Single Job Posting Package, Resume Search Access for Duration of Package",Company 236,$200.00 ,
153181,2018-06-14 17:56:43 UTC,Project Architect,5149737,"Single Job Posting Package, Resume Search Access for Duration of Package",Company 237,$200.00 ,
153180,2018-06-14 17:53:52 UTC,Mid-Level Architect,5149735,"Single Job Posting Package, Resume Search Access for Duration of Package",Company 237,$200.00 ,
153179,2018-06-14 17:51:36 UTC,Interior Designer (Government Experience),5149734,"Single Job Posting Package, Resume Search Access for Duration of Package",Company 237,$200.00 ,
153168,2018-06-14 16:40:47 UTC,Project Manager,5149690,"Single Job Posting Package, Resume Search Access for Duration of Package",Company 237,$200.00 ,
189328,2019-01-11 19:13:24 UTC,,,"20 Job Board Postings Package, Resume Search Access for Duration of Package",Company 238,"$2,400.00 ",
179190,2018-11-14 20:25:21 UTC,,,"20 Job Board Postings Package, Resume Search Access for Duration of Package",Company 238,"$2,400.00 ",
175061,2018-10-22 18:20:20 UTC,,,"20 Job Board Postings Package, Resume Search Access for Duration of Package",Company 238,"$2,400.00 ",
167255,2018-09-07 12:03:56 UTC,,,"20 Job Board Postings Package, Resume Search Access for Duration of Package",Company 238,"$2,400.00 ",
164644,2018-08-22 21:21:12 UTC,,,"20 Job Board Postings Package, Resume Search Access for Duration of Package",Company 238,"$2,400.00 ",
160149,2018-07-26 22:04:36 UTC,,,"20 Job Board Postings Package, Resume Search Access for Duration of Package",Company 238,"$2,400.00 ",
153924,2018-06-19 20:15:40 UTC,,,Resume Search Access for Duration of Package,Company 238,"$2,400.00 ",
151297,2018-06-04 16:30:27 UTC,,,"20 Job Board Postings Package, Resume Search Access for Duration of Package",Company 238,"$2,400.00 ",
143969,2018-04-27 20:12:38 UTC,,,"20 Job Board Postings Package, Resume Search Access for Duration of Package",Company 238,"$2,400.00 ",
142111,2018-04-17 21:54:56 UTC,,,"20 Job Board Postings Package, Resume Search Access for Duration of Package",Company 238,"$2,400.00 ",
133773,2018-03-15 17:19:19 UTC,,,"20 Job Board Postings Package, Resume Search Access for Duration of Package",Company 238,"$2,400.00 ",
126413,2018-02-07 20:46:00 UTC,,,"20 Job Board Postings Package, Resume Search Access for Duration of Package",Company 238,"$2,400.00 ",
122258,2018-01-17 16:55:43 UTC,,,"20 Job Board Postings Package, Resume Search Access for Duration of Package",Company 238,"$2,400.00 ",
119380,2018-01-02 22:09:47 UTC,,,"10 Job Board Postings Package, Resume Search Access for Duration of Package",Company 238,"$1,400.00 ",
165757,2018-08-29 15:36:19 UTC,FOREMAN DRIVER ,5649258,"Single Job Posting Package, Urgent Marking, Resume Search Access for Duration of Package",Company 239,$176.00 ,TRYITOUT
192632,2019-01-30 00:54:09 UTC,Security Officer,7172495,"Single Job Posting Package, Resume Search Access for Duration of Package",Company 240,$200.00 ,
154558,2018-06-23 00:12:18 UTC,Clinical Performance Nurse,5199982,"Single Job Posting Package, Resume Search Access for Duration of Package",Company 241,$200.00 ,
121005,2018-01-11 15:25:01 UTC,,,1 Month Recruiter's Package,Company 242,$100.00 ,
126395,2018-02-07 18:20:02 UTC,Entry Level Commercial Roofing Laborer/Journeyman,3426521,"Single Job Posting Package, Resume Search Access for Duration of Package",Company 243,$200.00 ,
176456,2018-10-30 13:17:34 UTC,Major Gift Officer,6331115,"Single Job Posting Package, Resume Search Access for Duration of Package",Company 244,$150.00 ,PAYITFORWARD
183259,2018-12-07 22:27:28 UTC,Production Manager,6886519,"Single Job Posting Package, Priority Listing, Resume Search Access for Duration of Package",Company 245,$245.00 ,
152023,2018-06-07 14:35:09 UTC,Security Guard,5091487,"Single Job Posting Package, Priority Listing, Resume Search Access for Duration of Package",Company 246,$196.00 ,TRYITOUT
180296,2018-11-21 18:44:03 UTC,,,"5 Job Board Postings Package, Resume Search Access for Duration of Package",Company 247,$825.00 ,
172843,2018-10-09 18:04:48 UTC,,,"5 Job Board Postings Package, Resume Search Access for Duration of Package",Company 247,$825.00 ,
153408,2018-06-15 22:34:40 UTC,,,"5 Job Board Postings Package, Resume Search Access for Duration of Package",Company 247,$825.00 ,
142491,2018-04-19 19:04:20 UTC,,,"5 Job Board Postings Package, Resume Search Access for Duration of Package",Company 247,$825.00 ,
136816,2018-03-23 00:16:14 UTC,,,"5 Job Board Postings Package, Resume Search Access for Duration of Package",Company 247,$825.00 ,
128047,2018-02-16 18:50:41 UTC,,,"5 Job Board Postings Package, Resume Search Access for Duration of Package",Company 247,$825.00 ,
144283,2018-04-30 20:16:02 UTC,"UNARMED AND ARMED SECURITY  OFFICERS NEEDED IN HOUSTON, TX!",4797550,"Single Job Posting Package, Resume Search Access for Duration of Package",Company 248,$160.00 ,TRYITOUT
138598,2018-03-31 01:46:22 UTC,,,1 Month Recruiter's Package,Company 249,$100.00 ,
147217,2018-05-15 18:56:01 UTC,Property Manager- Self Storage,4856993,"Single Job Posting Package, Urgent Marking, Resume Search Access for Duration of Package",Company 250,$220.00 ,
165926,2018-08-30 10:59:40 UTC,,,1 Month Recruiter's Package,Company 251,$100.00 ,
188213,2019-01-07 16:10:19 UTC,,,"6 Month Unlimited Job Board Posting Package, Resume Search Access for Duration of Package",Company 252,"$5,500.00 ",
172032,2018-10-04 17:27:18 UTC,Service installer Tech,6005016,"Single Job Posting Package, Resume Search Access for Duration of Package",Company 253,$200.00 ,
121683,2018-01-15 20:51:45 UTC,,,"5 Job Board Postings Package, Resume Search Access for Duration of Package",Company 254,$825.00 ,
175370,2018-10-23 18:07:08 UTC,Warehouse Associate Shipping/Receiving,6231173,"Single Job Posting Package, Urgent Marking, Resume Search Access for Duration of Package",Company 255,$220.00 ,
185365,2018-12-20 21:45:30 UTC,,,"Target Email Campaign: 1,000-4,999 Job Seekers",Company 256,$60.00 ,
183307,2018-12-09 21:09:00 UTC,,,"Target Email Campaign: 1,000-4,999 Job Seekers",Company 256,$60.00 ,
181327,2018-11-28 16:29:57 UTC,,,"Target Email Campaign: 1,000-4,999 Job Seekers",Company 256,$60.00 ,
177014,2018-11-01 19:33:49 UTC,,,"Target Email Campaign: 1,000-4,999 Job Seekers",Company 256,$60.00 ,
171022,2018-09-28 20:15:37 UTC,,,"Target Email Campaign: 1,000-4,999 Job Seekers",Company 256,$60.00 ,
161778,2018-08-06 21:04:58 UTC,,,"Target Email Campaign: 1,000-4,999 Job Seekers",Company 256,$60.00 ,
156516,2018-07-05 20:58:57 UTC,,,Target Email Campaign: Less than 500 Job Seekers,Company 256,$10.00 ,
154798,2018-06-25 19:22:08 UTC,,,Target Email Campaign: Less than 500 Job Seekers,Company 256,$10.00 ,
149400,2018-05-23 16:09:39 UTC,,,"Target Email Campaign: 1,000-4,999 Job Seekers",Company 256,$60.00 ,
148761,2018-05-21 16:31:33 UTC,Business Development Representative,4922589,"Single Job Posting Package, Urgent Marking, Resume Search Access for Duration of Package",Company 256,$220.00 ,
151013,2018-06-01 14:56:33 UTC,Senior Facilities Manager,5046303,"Single Job Posting Package, Resume Search Access for Duration of Package",Company 257,$200.00 ,
145762,2018-05-08 17:56:46 UTC,Sr. Principal Integration & Test Electrical Engineer,4833480,"Single Job Posting Package, Resume Search Access for Duration of Package",Company 257,$200.00 ,
156495,2018-07-05 20:04:29 UTC,Construction Field Tech/Foreman,5275445,"Single Job Posting Package, Resume Search Access for Duration of Package",Company 258,$200.00 ,
163697,2018-08-16 19:37:08 UTC,Delivery Driver,5562382,"Year Long Job Board Posting , Resume Search Access for Duration of Package",Company 259,$600.00 ,
119778,2018-01-04 22:09:33 UTC,Avionics Technician,3298900,"Single Job Posting Package, Resume Search Access for Duration of Package",Company 260,$200.00 ,
175785,2018-10-25 13:51:45 UTC,Director Business Development - Land Systems,6257091,"Single Job Posting Package, Urgent Marking, Resume Search Access for Duration of Package",Company 261,$220.00 ,
158626,2018-07-18 15:10:02 UTC,MECHANIC / FORKLIFT,5364313,"Single Job Posting Package, Resume Search Access for Duration of Package",Company 262,$200.00 ,
145711,2018-05-08 15:18:31 UTC,Mortgage Banker,4833303,"Single Job Posting Package, Priority Listing, Urgent Marking, Resume Search Access for Duration of Package",Company 263,$265.00 ,
180053,2018-11-20 16:32:09 UTC,District Manager,6590109,"Single Job Posting Package, Resume Search Access for Duration of Package",Company 264,$140.00 ,HappyHolidays
143808,2018-04-27 04:05:36 UTC,Communications Director,4785572,"Single Job Posting Package, Resume Search Access for Duration of Package",Company 265,$200.00 ,
190651,2019-01-18 17:03:23 UTC,,,"5 Job Board Postings Package, Resume Search Access for Duration of Package",Company 266,$206.25 ,CONSERVE
190650,2019-01-18 17:02:35 UTC,,,"5 Job Board Postings Package, Resume Search Access for Duration of Package",Company 266,$206.25 ,CONSERVE
190649,2019-01-18 17:01:29 UTC,,,"5 Job Board Postings Package, Resume Search Access for Duration of Package",Company 266,$206.25 ,CONSERVE
189724,2019-01-14 23:42:21 UTC,,,"5 Job Board Postings Package, Resume Search Access for Duration of Package",Company 266,$206.25 ,CONSERVE
189039,2019-01-10 16:30:17 UTC,,,"5 Job Board Postings Package, Resume Search Access for Duration of Package",Company 266,$206.25 ,CONSERVE
188767,2019-01-09 14:21:04 UTC,,,"5 Job Board Postings Package, Resume Search Access for Duration of Package",Company 266,$825.00 ,
186888,2018-12-28 18:15:25 UTC,,,"5 Job Board Postings Package, Resume Search Access for Duration of Package",Company 266,$206.25 ,CONSERVE
184415,2018-12-14 16:42:17 UTC,,,"5 Job Board Postings Package, Resume Search Access for Duration of Package",Company 266,$206.25 ,CONSERVE
178151,2018-11-08 17:26:20 UTC,,,"5 Job Board Postings Package, Resume Search Access for Duration of Package",Company 266,$206.25 ,CONSERVE
178149,2018-11-08 17:25:44 UTC,,,"5 Job Board Postings Package, Resume Search Access for Duration of Package",Company 266,$206.25 ,CONSERVE
178148,2018-11-08 17:25:11 UTC,,,"5 Job Board Postings Package, Resume Search Access for Duration of Package",Company 266,$206.25 ,CONSERVE
177208,2018-11-02 16:36:37 UTC,,,"5 Job Board Postings Package, Resume Search Access for Duration of Package",Company 266,$206.25 ,CONSERVE
176473,2018-10-30 14:02:44 UTC,,,"5 Job Board Postings Package, Resume Search Access for Duration of Package",Company 266,$206.25 ,CONSERVE
175247,2018-10-23 13:54:54 UTC,,,"5 Job Board Postings Package, Resume Search Access for Duration of Package",Company 266,$206.25 ,CONSERVE
173506,2018-10-12 14:27:31 UTC,,,"5 Job Board Postings Package, Resume Search Access for Duration of Package",Company 266,$206.25 ,CONSERVE
172267,2018-10-05 16:25:22 UTC,,,"5 Job Board Postings Package, Resume Search Access for Duration of Package",Company 266,$206.25 ,CONSERVE
169496,2018-09-20 17:13:18 UTC,Loyal Donor Officer (Job ID #46686),5848434,"Single Job Posting Package, Resume Search Access for Duration of Package",Company 266,$200.00 ,
168259,2018-09-13 13:36:14 UTC,,,"5 Job Board Postings Package, Resume Search Access for Duration of Package",Company 266,$206.25 ,CONSERVE
168258,2018-09-13 13:35:45 UTC,,,"5 Job Board Postings Package, Resume Search Access for Duration of Package",Company 266,$206.25 ,CONSERVE
168256,2018-09-13 13:35:04 UTC,,,"5 Job Board Postings Package, Resume Search Access for Duration of Package",Company 266,$206.25 ,CONSERVE
168255,2018-09-13 13:34:33 UTC,,,"5 Job Board Postings Package, Resume Search Access for Duration of Package",Company 266,$206.25 ,CONSERVE
165999,2018-08-30 17:34:54 UTC,,,"5 Job Board Postings Package, Resume Search Access for Duration of Package",Company 266,$206.25 ,CONSERVE
164870,2018-08-23 18:30:39 UTC,,,"5 Job Board Postings Package, Resume Search Access for Duration of Package",Company 266,$206.25 ,CONSERVE
162162,2018-08-08 17:50:38 UTC,,,"5 Job Board Postings Package, Resume Search Access for Duration of Package",Company 266,$206.25 ,CONSERVE
160781,2018-07-31 14:38:45 UTC,Loyal Donor Officer (OR),5449234,"Single Job Posting Package, Resume Search Access for Duration of Package",Company 266,$200.00 ,
160119,2018-07-26 18:59:32 UTC,,,"5 Job Board Postings Package, Resume Search Access for Duration of Package",Company 266,$206.25 ,CONSERVE
158914,2018-07-19 17:57:52 UTC,Loyal Donor Officer (NC),5372252,"Single Job Posting Package, Resume Search Access for Duration of Package",Company 266,$200.00 ,
158703,2018-07-18 20:53:13 UTC,,,"5 Job Board Postings Package, Resume Search Access for Duration of Package",Company 266,$206.25 ,CONSERVE
157625,2018-07-12 17:07:40 UTC,Loyal Donor Officer (Job ID: 46687),5329370,"Single Job Posting Package, Resume Search Access for Duration of Package",Company 266,$200.00 ,
157624,2018-07-12 17:07:16 UTC,Loyal Donor Officer (AZ),5329368,"Single Job Posting Package, Resume Search Access for Duration of Package",Company 266,$200.00 ,
157223,2018-07-10 22:41:58 UTC,,,"5 Job Board Postings Package, Resume Search Access for Duration of Package",Company 266,$206.25 ,CONSERVE
156447,2018-07-05 13:52:00 UTC,Loyal Donor Officer (CO),5273363,"Single Job Posting Package, Resume Search Access for Duration of Package",Company 266,$200.00 ,
155101,2018-06-26 19:49:30 UTC,,,"5 Job Board Postings Package, Resume Search Access for Duration of Package",Company 266,$206.25 ,CONSERVE
153652,2018-06-18 18:27:09 UTC,,,"5 Job Board Postings Package, Resume Search Access for Duration of Package",Company 266,$206.25 ,CONSERVE
153136,2018-06-14 15:02:12 UTC,Loyal Donor Officer  (Job ID: 46603),5149607,"Single Job Posting Package, Resume Search Access for Duration of Package",Company 266,$200.00 ,
152232,2018-06-08 13:52:17 UTC,,,"5 Job Board Postings Package, Resume Search Access for Duration of Package",Company 266,$206.25 ,CONSERVE
151029,2018-06-01 15:45:54 UTC,,,"5 Job Board Postings Package, Resume Search Access for Duration of Package",Company 266,$206.25 ,CONSERVE
150802,2018-05-31 17:04:20 UTC,Philanthropy Operations & Engagement Manager (FL),5039351,"Single Job Posting Package, Resume Search Access for Duration of Package",Company 266,$200.00 ,
148433,2018-05-18 17:59:31 UTC,,,"5 Job Board Postings Package, Resume Search Access for Duration of Package",Company 266,$206.25 ,CONSERVE
148419,2018-05-18 16:37:04 UTC,"Program Coordinator, Loyal Donor Program",4883112,"Single Job Posting Package, Resume Search Access for Duration of Package",Company 266,$200.00 ,
146554,2018-05-11 14:38:28 UTC,,,"5 Job Board Postings Package, Resume Search Access for Duration of Package",Company 266,$206.25 ,CONSERVE
144274,2018-04-30 19:23:27 UTC,,,"5 Job Board Postings Package, Resume Search Access for Duration of Package",Company 266,$206.25 ,CONSERVE
143195,2018-04-24 14:23:46 UTC,"Loyal Donor Officer, Ohio",4777063,"Single Job Posting Package, Resume Search Access for Duration of Package",Company 266,$200.00 ,
142638,2018-04-20 14:03:04 UTC,,,"5 Job Board Postings Package, Resume Search Access for Duration of Package",Company 266,$206.25 ,CONSERVE
142108,2018-04-17 21:16:30 UTC,Associate Director of Philanthropy - Michigan,4746450,"Single Job Posting Package, Resume Search Access for Duration of Package",Company 266,$200.00 ,
142074,2018-04-17 18:40:32 UTC,Loyal Donor Officer; Job ID: 46175,4746377,"Single Job Posting Package, Resume Search Access for Duration of Package",Company 266,$200.00 ,
141366,2018-04-13 12:36:58 UTC,,,"5 Job Board Postings Package, Resume Search Access for Duration of Package",Company 266,$206.25 ,CONSERVE
138768,2018-04-02 15:20:18 UTC,,,"5 Job Board Postings Package, Resume Search Access for Duration of Package",Company 266,$206.25 ,CONSERVE
138767,2018-04-02 15:16:22 UTC,,,"5 Job Board Postings Package, Resume Search Access for Duration of Package",Company 266,$206.25 ,CONSERVE
134110,2018-03-16 17:12:01 UTC,,,"5 Job Board Postings Package, Resume Search Access for Duration of Package",Company 266,$225.00 ,CONSERVE
132380,2018-03-09 19:15:33 UTC,,,"5 Job Board Postings Package, Resume Search Access for Duration of Package",Company 266,$225.00 ,CONSERVE
128775,2018-02-21 14:18:39 UTC,Loyal Donor Officer; Job ID #46232,4454798,"Single Job Posting Package, Resume Search Access for Duration of Package",Company 266,$200.00 ,
128076,2018-02-16 21:38:37 UTC,Loyal Donor Officer (Texas),3464185,"Single Job Posting Package, Resume Search Access for Duration of Package",Company 266,$200.00 ,
127969,2018-02-16 13:56:57 UTC,Loyal Donor Officer; Job ID # 46234,3463907,"Single Job Posting Package, Resume Search Access for Duration of Package",Company 266,$200.00 ,
124742,2018-01-30 22:03:48 UTC,"Loyal Donor Officer, Minnesota/The Dakotas",3397441,"Single Job Posting Package, Resume Search Access for Duration of Package",Company 266,$200.00 ,
124707,2018-01-30 19:36:06 UTC,Loyal Donor Officer  (Job ID: 46175),3397354,"Single Job Posting Package, Resume Search Access for Duration of Package",Company 266,$200.00 ,
149937,2018-05-25 17:05:24 UTC,Installer,4994221,"Single Job Posting Package, Resume Search Access for Duration of Package",Company 267,$200.00 ,
155669,2018-06-29 14:17:27 UTC,OPERATIONS - ENGINEERING - WATER QUALITY,5238589,"Single Job Posting Package, Resume Search Access for Duration of Package",Company 268,$150.00 ,PAYITFORWARD
152717,2018-06-12 16:40:03 UTC,Veteran Fire Corps Crew Member,5136538,"Single Job Posting Package, Priority Listing, Urgent Marking, Resume Search Access for Duration of Package",Company 269,$265.00 ,
175394,2018-10-23 19:34:23 UTC,Service Technician,6231336,"Single Job Posting Package, Resume Search Access for Duration of Package",Company 270,$200.00 ,
130617,2018-03-01 21:41:47 UTC,,,1 Month Recruiter's Package,Company 271,$100.00 ,
122731,2018-01-19 14:36:27 UTC,,,1 Month Recruiter's Package,Company 271,$100.00 ,
153346,2018-06-15 15:19:36 UTC,Technicians,5155205,"Single Job Posting Package, Priority Listing, Resume Search Access for Duration of Package",Company 272,$245.00 ,
150601,2018-05-30 18:36:05 UTC,Teller / Member Services Representative,4996170,"Year Long Job Board Posting , Resume Search Access for Duration of Package",Company 273,$600.00 ,
185538,2018-12-21 19:24:09 UTC,Class A CDL Driver with Sign-On Bonus. Also offering Military Apprenticeship,7109185,"Year Long Job Board Posting , Priority Listing, Urgent Marking, Resume Search Access for Duration of Package",Company 274,$465.49 ,HappyHolidays
123174,2018-01-22 22:00:08 UTC,Cook I (Deli) or Cook II,3361037,"Single Job Posting Package, Urgent Marking, Resume Search Access for Duration of Package",Company 275,$220.00 ,
119696,2018-01-04 13:48:07 UTC,Janitorial Support ,3298655,"Single Job Posting Package, Urgent Marking, Resume Search Access for Duration of Package",Company 276,$220.00 ,
119695,2018-01-04 13:36:33 UTC,Transporter,3298651,"Single Job Posting Package, Urgent Marking, Resume Search Access for Duration of Package",Company 276,$220.00 ,
129768,2018-02-26 22:19:37 UTC,City of Tucson Firefighter Recruit,4476563,"Single Job Posting Package, Resume Search Access for Duration of Package",Company 277,$0.00 ,1STRESPOND
176985,2018-11-01 17:33:54 UTC,Boiler Technician / Hot Water Heater Technician,6366773,"Single Job Posting Package, Urgent Marking, Resume Search Access for Duration of Package",Company 278,$220.00 ,
164834,2018-08-23 16:18:02 UTC,Manager in Training (US Military Veterans),5608950,"Single Job Posting Package, Urgent Marking, Resume Search Access for Duration of Package",Company 279,$220.00 ,
169056,2018-09-18 20:21:47 UTC,Technical Support Representative (Part time / Full time)- Remote,5835960,"Single Job Posting Package, Resume Search Access for Duration of Package",Company 280,$160.00 ,TRYITOUT
161298,2018-08-02 19:21:56 UTC,Customer Support Freelancer,5457112,"Single Job Posting Package, Resume Search Access for Duration of Package",Company 280,$160.00 ,TRYITOUT
133809,2018-03-15 18:55:23 UTC,Program Manager,4608407,"Single Job Posting Package, Priority Listing, Resume Search Access for Duration of Package",Company 281,$196.00 ,TRYITOUT
138384,2018-03-30 02:01:30 UTC,,,"5 Job Board Postings Package, Resume Search Access for Duration of Package",Company 282,$825.00 ,
184219,2018-12-13 19:24:37 UTC,Field Service Engineer,6986761,"Single Job Posting Package, Resume Search Access for Duration of Package",Company 283,$200.00 ,
179177,2018-11-14 19:40:36 UTC,Bucket Truck Operator,6521435,"Single Job Posting Package, Priority Listing, Resume Search Access for Duration of Package",Company 284,$245.00 ,
121086,2018-01-11 20:59:44 UTC,Field Representative,3329337,"Single Job Posting Package, Resume Search Access for Duration of Package",Company 285,$200.00 ,
129115,2018-02-22 20:29:41 UTC,ISR Infrastructure Lead,4457563,"Single Job Posting Package, Resume Search Access for Duration of Package",Company 286,$200.00 ,
129054,2018-02-22 17:42:06 UTC,,,1 Month Recruiter's Package,Company 286,$100.00 ,
129058,2018-02-22 17:49:27 UTC,"Inside Sales Associate_San Antonio, TX",4457568,"Single Job Posting Package, Resume Search Access for Duration of Package",Company 287,$200.00 ,
187315,2019-01-02 22:09:29 UTC,Generator Technician,7240631,"Single Job Posting Package, Resume Search Access for Duration of Package",Company 288,$200.00 ,
175295,2018-10-23 14:51:01 UTC,Operations Supervisor,6230799,"Single Job Posting Package, Priority Listing, Urgent Marking, Resume Search Access for Duration of Package",Company 289,$265.00 ,
172558,2018-10-08 15:20:46 UTC,"CDL - Driver Rolloff - $2,500 Sign-On Bonus! Plus $2,000 Special Bonus! - 18013605",6042521,"Single Job Posting Package, Resume Search Access for Duration of Package",Company 290,$200.00 ,
172556,2018-10-08 15:17:36 UTC,"CDL - Driver Residential | $2,500 Sign-On Bonus! Plus $2,000 Special Bonus! - 18011420",6042085,"Single Job Posting Package, Resume Search Access for Duration of Package",Company 290,$200.00 ,
141481,2018-04-13 19:14:49 UTC,"CDL - Front-End Loader - Driver - $1,500 Sign-On Bonus - (18003836)",4735288,"Single Job Posting Package, Resume Search Access for Duration of Package",Company 290,$200.00 ,
141459,2018-04-13 17:50:11 UTC,"CDL - Driver Rolloff - $1,500 Sign-On Bonus! - (18005453)",4735252,"Single Job Posting Package, Resume Search Access for Duration of Package",Company 290,$200.00 ,
141452,2018-04-13 17:36:41 UTC,"CDL - Driver Rolloff - $1,500 Sign-On Bonus! - (18005845)",4735240,"Single Job Posting Package, Resume Search Access for Duration of Package",Company 290,$200.00 ,
141446,2018-04-13 17:19:42 UTC,"CDL - Driver Front-End Loader - $1,500 Sign-On Bonus! - (18003811)",4735227,"Single Job Posting Package, Resume Search Access for Duration of Package",Company 290,$200.00 ,
141444,2018-04-13 17:02:00 UTC,"CDL - Driver Rolloff - $1,500 Sign-On Bonus - (18003272)",4735216,"Single Job Posting Package, Resume Search Access for Duration of Package",Company 290,$200.00 ,
141440,2018-04-13 16:28:41 UTC,"CDL - Driver Residential | $1,500 Sign-On Bonus! - (18005844)",4735189,"Single Job Posting Package, Resume Search Access for Duration of Package",Company 290,$200.00 ,
130204,2018-02-28 13:41:24 UTC,Operations Supervisor,4495395,"Single Job Posting Package, Resume Search Access for Duration of Package",Company 291,$200.00 ,
154834,2018-06-25 23:22:53 UTC,executive assistant,5217035,"Single Job Posting Package, Urgent Marking, Resume Search Access for Duration of Package",Company 292,$220.00 ,
167116,2018-09-06 18:15:46 UTC,Recycling Center Weightmaster,5726814,"Single Job Posting Package, Priority Listing, Resume Search Access for Duration of Package",Company 293,$245.00 ,
164866,2018-08-23 18:19:03 UTC,Crewman- Basement Waterproofing,5609045,"Single Job Posting Package, Resume Search Access for Duration of Package",Company 294,$200.00 ,
192004,2019-01-25 21:23:28 UTC, Systems Administrator ,7563337,"Single Job Posting Package, Resume Search Access for Duration of Package",Company 295,$200.00 ,
160606,2018-07-31 01:40:43 UTC,Event Manager,5444998,,Company 296,$165.00 ,PAYITFORWARD
160605,2018-07-31 01:33:39 UTC,Logistics Planner,5444995,"Single Job Posting Package, Priority Listing, Urgent Marking, Resume Search Access for Duration of Package",Company 296,$198.75 ,PAYITFORWARD
177427,2018-11-05 13:30:03 UTC,HVAC/Refrigeration Service Technician,6399753,"Year Long Job Board Posting , Urgent Marking, Resume Search Access for Duration of Package",Company 297,$620.00 ,
174032,2018-10-16 18:04:37 UTC,Print Operator,6143669,"Single Job Posting Package, Resume Search Access for Duration of Package",Company 298,$200.00 ,
175848,2018-10-25 17:53:07 UTC,"Senior Vice President, Human Resources and Organizational Development",6257445,"Single Job Posting Package, Resume Search Access for Duration of Package",Company 299,$160.00 ,TRYITOUT
188785,2019-01-09 15:10:24 UTC,Network Specialist,7337631,"Single Job Posting Package, Resume Search Access for Duration of Package",Company 300,$150.00 ,PAYITFORWARD
163839,2018-08-17 14:23:12 UTC,Personal Banker,5569179,"Year Long Job Board Posting , Resume Search Access for Duration of Package",Company 301,$600.00 ,